ID,X,Y
5985,195618.6875,-472661.8438
4722,172664.5781,-462086.5625
4758,169671.4688,-468861.0938
6835,206798.4587,-475943.0051
5945,197047.1875,-477199.9375
5976,196549.6563,-487848.7813
5984,196014.5156,-473829.125
6014,211796.7656,-495017.9688
6038,213330.9844,-489309.1563
6021,214762.4531,-481714.1875
5807,187553.1875,-462382.5
5841,193112.4844,-473047.0938
5850,189362.6094,-481323.9063
5889,184968.3438,-463665.625
5859,182671.6662,-473368.0175
5907,200260.8281,-483578.875
5920,202801.6719,-478264.4688
5914,193318.4063,-482603.2188
5892,190410.0781,-466830.3125
5721,193343.4219,-462195.625
5740,199077.8125,-466675.875
5790,200453.1719,-458138.4688
5784,193991.25,-456078.5
5772,203077.375,-466234.1875
