ID,X,Y
4121,164140.0156,-447113.5
4143,171355.9688,-449684.3438
4269,163191.5781,-455644.1875
4272,164336.7813,-450533.8438
4501,153978.3438,-448399.5313
4532,155536.9688,-456298.3125
4538,147529.4219,-457494.125
4572,154084.9531,-446771.6875
4624,162676.1406,-460881.9688
4641,160401.8125,-469318.5313
4657,153619.5625,-463333.25
4722,172664.5781,-462086.5625
4758,169671.4688,-468861.0938
4818,176101.1094,-447034.8125
4823,181098.1563,-450288.125
4842,181121.0938,-454886.9688
5721,193343.4219,-462195.625
5740,199077.8125,-466675.875
5772,203077.375,-466234.1875
5784,193991.25,-456078.5
5790,200453.1719,-458138.4688
5807,187553.1875,-462382.5
5841,193112.4844,-473047.0938
5850,189362.6094,-481323.9063
5859,182671.6662,-473368.0175
5889,184968.3438,-463665.625
5892,190410.0781,-466830.3125
5907,200260.8281,-483578.875
5914,193318.4063,-482603.2188
5920,202801.6719,-478264.4688
5945,197047.1875,-477199.9375
5976,196549.6563,-487848.7813
5984,196014.5156,-473829.125
6014,211796.7656,-495017.9688
6021,214762.4531,-481714.1875
6038,213330.9844,-489309.1563
6835,206798.4587,-475943.0051
